"","Country","Confirmed","Recovered","Deaths","Month","Year"
"1","China",548,28,17,1,2020
"2","China",643,30,18,1,2020
"3","China",920,36,26,1,2020
"4","China",1406,39,42,1,2020
"5","China",2075,49,56,1,2020
"6","China",2877,58,82,1,2020
"7","China",5509,101,131,1,2020
"8","China",6087,120,133,1,2020
"9","China",8141,135,171,1,2020
"10","China",9802,214,213,1,2020
"11","China",11891,275,259,2,2020
"12","China",16630,463,361,2,2020
"13","China",19716,614,425,2,2020
"14","China",23707,843,491,2,2020
"15","China",27440,1115,563,2,2020
"16","China",30587,1477,633,2,2020
"17","China",34110,1999,718,2,2020
"18","China",36814,2596,805,2,2020
"19","China",39829,3219,905,2,2020
"20","China",42354,3918,1012,2,2020
"21","China",44386,4636,1112,2,2020
"22","China",44759,5082,1117,2,2020
"23","China",59895,6217,1369,2,2020
"24","China",66358,7977,1521,2,2020
"25","China",68413,9298,1663,2,2020
"26","China",70513,10755,1766,2,2020
"27","China",72434,12462,1864,2,2020
"28","China",74211,14206,2003,2,2020
"29","China",74619,15962,2116,2,2020
"30","China",75077,18014,2238,2,2020
"31","China",75550,18704,2238,2,2020
"32","China",77001,22699,2443,2,2020
"33","China",77022,23187,2445,2,2020
"34","China",77241,25015,2595,2,2020
"35","China",77754,27676,2665,2,2020
"36","China",78166,30084,2717,2,2020
"37","China",78600,32930,2746,2,2020
"38","China",78928,36329,2790,2,2020
"39","China",79356,39320,2837,2,2020
"40","China",79932,42162,2872,3,2020
"41","China",80136,44854,2914,3,2020
"42","China",80261,47450,2947,3,2020
"43","China",80386,50001,2983,3,2020
"44","China",80537,52292,3015,3,2020
"45","China",80690,53944,3044,3,2020
"46","China",80770,55539,3072,3,2020
"47","China",80823,57388,3100,3,2020
"48","China",80860,58804,3123,3,2020
"49","China",80887,60181,3139,3,2020
"50","China",80921,61644,3161,3,2020
"51","China",80932,62901,3172,3,2020
"52","China",80945,64196,3180,3,2020
"53","China",80977,65660,3193,3,2020
"54","China",81003,67017,3203,3,2020
"55","China",81033,67910,3217,3,2020
"56","China",81058,68798,3230,3,2020
"57","China",81102,69755,3241,3,2020
"58","China",81156,70535,3249,3,2020
"59","China",81250,71266,3253,3,2020
"60","China",81305,71857,3259,3,2020
"61","China",81435,72362,3274,3,2020
"62","China",81498,72814,3274,3,2020
"63","China",81591,73280,3281,3,2020
"64","China",81661,73773,3285,3,2020
"65","China",81782,74181,3291,3,2020
"66","China",81897,74720,3296,3,2020
"67","China",81999,75100,3299,3,2020
"68","China",82122,75582,3304,3,2020
"69","China",82198,75923,3308,3,2020
"70","China",82279,76206,3309,3,2020
"71","China",82361,76405,3316,4,2020
"72","China",82432,76565,3322,4,2020
"73","China",82511,76760,3326,4,2020
"74","China",82543,76946,3330,4,2020
"75","China",82602,77207,3333,4,2020
"76","China",82665,77310,3335,4,2020
"77","China",82718,77410,3335,4,2020
"78","China",82809,77567,3337,4,2020
"79","China",82883,77679,3339,4,2020
"80","China",82941,77791,3340,4,2020
"81","China",83014,77877,3343,4,2020
"82","China",83134,77956,3343,4,2020
"83","China",83213,78039,3345,4,2020
"84","China",83306,78200,3345,4,2020
"85","China",83356,78311,3346,4,2020
"86","China",83403,78401,3346,4,2020
"87","China",83760,77552,4636,4,2020
"88","China",83787,77614,4636,4,2020
"89","China",83805,77690,4636,4,2020
"90","China",83817,77745,4636,4,2020
"91","China",83853,77799,4636,4,2020
"92","China",83868,77861,4636,4,2020
"93","China",83884,77983,4636,4,2020
"94","China",83899,78109,4636,4,2020
"95","China",83909,78175,4636,4,2020
"96","China",83912,78277,4637,4,2020
"97","China",83918,78374,4637,4,2020
"98","China",83940,78422,4637,4,2020
"99","China",83944,78474,4637,4,2020
"100","China",83956,78523,4637,4,2020
"101","China",83959,78573,4637,5,2020
"102","China",83959,78586,4637,5,2020
"103","China",83964,78684,4637,5,2020
"104","China",83966,78792,4637,5,2020
"105","China",83968,78870,4637,5,2020
"106","China",83970,78929,4637,5,2020
"107","China",83975,78977,4637,5,2020
"108","China",83976,78993,4637,5,2020
"109","China",83990,79127,4637,5,2020
"110","China",84010,79167,4637,5,2020
"111","China",84011,79198,4637,5,2020
"112","China",84018,79222,4637,5,2020
"113","China",84024,79246,4637,5,2020
"114","China",84029,79261,4637,5,2020
"115","China",84038,79281,4637,5,2020
"116","China",84044,79293,4638,5,2020
"117","China",84054,79306,4638,5,2020
"118","China",84063,79310,4638,5,2020
"119","China",84063,79310,4638,5,2020
"120","China",84063,79310,4638,5,2020
"121","China",84063,79310,4638,5,2020
"122","China",84081,79332,4638,5,2020
"123","China",84084,79335,4638,5,2020
"124","China",84095,79343,4638,5,2020
"125","China",84102,79352,4638,5,2020
"126","China",84103,79358,4638,5,2020
"127","China",84106,79367,4638,5,2020
"128","China",84106,79371,4638,5,2020
"129","China",84123,79382,4638,5,2020
"130","China",84128,79386,4638,5,2020
"131","China",84146,79389,4638,5,2020
"132","China",84154,79398,4638,6,2020
"133","China",84161,79400,4638,6,2020
"134","China",84160,79404,4638,6,2020
"135","China",84171,79415,4638,6,2020
"136","China",84177,79420,4638,6,2020
"137","China",84186,79424,4638,6,2020
"138","China",84191,79434,4638,6,2020
"139","China",84195,79444,4638,6,2020
"140","China",84198,79451,4638,6,2020
"141","China",84209,79456,4638,6,2020
"142","China",84216,79464,4638,6,2020
"143","China",84228,79472,4638,6,2020
"144","China",84286,79475,4638,6,2020
"145","China",84335,79482,4638,6,2020
"146","China",84378,79489,4638,6,2020
"147","China",84422,79493,4638,6,2020
"148","China",84458,79510,4638,6,2020
"149","China",84494,79515,4638,6,2020
"150","China",84494,79515,4638,6,2020
"151","China",84553,79534,4639,6,2020
"152","China",84572,79535,4639,6,2020
"153","China",84624,79547,4639,6,2020
"154","China",84653,79555,4640,6,2020
"155","China",84673,79562,4640,6,2020
"156","China",84701,79572,4641,6,2020
"157","China",84725,79580,4641,6,2020
"158","China",84743,79591,4641,6,2020
"159","China",84757,79609,4641,6,2020
"160","China",84780,79619,4641,6,2020
"161","China",84785,79632,4641,6,2020
"162","China",84816,79650,4641,7,2020
"163","China",84830,79665,4641,7,2020
"164","China",84838,79680,4641,7,2020
"165","China",84857,79706,4641,7,2020
"166","China",84871,79718,4641,7,2020
"167","China",84889,79725,4641,7,2020
"168","China",84917,79754,4641,7,2020
"169","China",84950,79802,4641,7,2020
"170","China",84992,79802,4641,7,2020
"171","China",84992,79802,4641,7,2020
"172","China",85071,79876,4641,7,2020
"173","China",85117,79907,4641,7,2020
"174","China",85117,79907,4641,7,2020
"175","China",85226,79967,4642,7,2020
"176","China",85246,80005,4644,7,2020
"177","China",85327,80038,4644,7,2020
"178","China",85402,80064,4645,7,2020
"179","China",85418,80092,4646,7,2020
"180","China",85503,80137,4646,7,2020
"181","China",85622,80162,4646,7,2020
"182","China",85708,80204,4648,7,2020
"183","China",85906,80244,4648,7,2020
"184","China",86045,80297,4649,7,2020
"185","China",86202,80341,4650,7,2020
"186","China",86381,80409,4652,7,2020
"187","China",86570,80459,4652,7,2020
"188","China",86783,80466,4656,7,2020
"189","China",86990,80517,4657,7,2020
"190","China",87213,80594,4658,7,2020
"191","China",87489,80680,4659,7,2020
"192","China",87655,80787,4661,7,2020
"193","China",87827,80907,4667,8,2020
"194","China",87985,81018,4669,8,2020
"195","China",88099,81113,4672,8,2020
"196","China",88206,81234,4676,8,2020
"197","China",88328,81417,4677,8,2020
"198","China",88460,81592,4680,8,2020
"199","China",88580,81788,4681,8,2020
"200","China",88672,81969,4681,8,2020
"201","China",88793,82125,4686,8,2020
"202","China",88906,82247,4689,8,2020
"203","China",88958,82440,4693,8,2020
"204","China",89045,82633,4697,8,2020
"205","China",89144,82804,4700,8,2020
"206","China",89214,82956,4701,8,2020
"207","China",89279,83108,4703,8,2020
"208","China",89375,83200,4703,8,2020
"209","China",89441,83283,4703,8,2020
"210","China",89494,83408,4705,8,2020
"211","China",89527,83566,4706,8,2020
"212","China",89567,83663,4709,8,2020
"213","China",89616,83793,4709,8,2020
"214","China",89654,83924,4711,8,2020
"215","China",89695,83988,4711,8,2020
"216","China",89718,84058,4711,8,2020
"217","China",89752,84168,4712,8,2020
"218","China",89784,84251,4713,8,2020
"219","China",89814,84335,4715,8,2020
"220","China",89836,84419,4718,8,2020
"221","China",89863,84484,4721,8,2020
"222","China",89895,84546,4722,8,2020
"223","China",89914,84594,4723,8,2020
"224","China",89933,84652,4724,9,2020
"225","China",89953,84695,4727,9,2020
"226","China",89986,84737,4728,9,2020
"227","China",90008,84782,4728,9,2020
"228","China",90025,84837,4728,9,2020
"229","China",90058,84873,4730,9,2020
"230","China",90078,84900,4732,9,2020
"231","China",90087,84932,4733,9,2020
"232","China",90100,84957,4733,9,2020
"233","China",90127,85005,4733,9,2020
"234","China",90145,85025,4733,9,2020
"235","China",90168,85054,4734,9,2020
"236","China",90197,85086,4734,9,2020
"237","China",90219,85101,4735,9,2020
"238","China",90235,85129,4736,9,2020
"239","China",90253,85155,4736,9,2020
"240","China",90294,85181,4736,9,2020
"241","China",90311,85204,4737,9,2020
"242","China",90334,85226,4737,9,2020
"243","China",90369,85239,4737,9,2020
"244","China",90381,85257,4737,9,2020
"245","China",90399,85275,4737,9,2020
"246","China",90409,85304,4738,9,2020
"247","China",90424,85323,4738,9,2020
"248","China",90441,85343,4739,9,2020
"249","China",90456,85360,4739,9,2020
"250","China",90483,85381,4739,9,2020
"251","China",90505,85398,4739,9,2020
"252","China",90528,85423,4739,9,2020
"253","China",90545,85460,4739,9,2020
"254","China",90567,85479,4739,10,2020
"255","China",90584,85494,4739,10,2020
"256","China",90604,85511,4739,10,2020
"257","China",90629,85530,4739,10,2020
"258","China",90652,85540,4739,10,2020
"259","China",90667,85566,4739,10,2020
"260","China",90687,85588,4739,10,2020
"261","China",90728,85612,4739,10,2020
"262","China",90751,85641,4739,10,2020
"263","China",90778,85658,4739,10,2020
"264","China",90812,85669,4739,10,2020
"265","China",90830,85690,4739,10,2020
"266","China",90858,85707,4739,10,2020
"267","China",90869,85720,4739,10,2020
"268","China",90905,85743,4739,10,2020
"269","China",90925,85762,4739,10,2020
"270","China",90955,85791,4739,10,2020
"271","China",90972,85819,4739,10,2020
"272","China",91006,85840,4739,10,2020
"273","China",91022,85873,4739,10,2020
"274","China",91044,85899,4739,10,2020
"275","China",91073,85929,4739,10,2020
"276","China",91108,85950,4739,10,2020
"277","China",91128,85974,4739,10,2020
"278","China",91151,86002,4739,10,2020
"279","China",91175,86018,4739,10,2020
"280","China",91222,86031,4739,10,2020
"281","China",91271,86049,4739,10,2020
"282","China",91299,86082,4739,10,2020
"283","China",91339,86111,4739,10,2020
"284","China",91366,86135,4739,10,2020
"285","China",91397,86162,4739,11,2020
"286","China",91452,86189,4739,11,2020
"287","China",91478,86212,4739,11,2020
"288","China",91509,86241,4740,11,2020
"289","China",91552,86264,4741,11,2020
"290","China",91591,86301,4741,11,2020
"291","China",91622,86344,4741,11,2020
"292","China",91665,86369,4741,11,2020
"293","China",91693,86393,4741,11,2020
"294","China",91719,86421,4742,11,2020
"295","China",91752,86451,4742,11,2020
"296","China",91783,86488,4742,11,2020
"297","China",91807,86518,4742,11,2020
"298","China",91828,86543,4742,11,2020
"299","China",91850,86572,4742,11,2020
"300","China",91872,86616,4742,11,2020
"301","China",91885,86667,4742,11,2020
"302","China",91906,86700,4742,11,2020
"303","China",91935,86727,4742,11,2020
"304","China",91977,86751,4742,11,2020
"305","China",92037,86769,4742,11,2020
"306","China",92116,86792,4742,11,2020
"307","China",92211,86816,4742,11,2020
"308","China",92296,86847,4742,11,2020
"309","China",92402,86888,4742,11,2020
"310","China",92488,86900,4742,11,2020
"311","China",92586,86937,4742,11,2020
"312","China",92681,86968,4743,11,2020
"313","China",92814,86998,4743,11,2020
"314","China",92902,87017,4743,11,2020
"315","China",92993,87051,4743,12,2020
"316","China",93113,87101,4744,12,2020
"317","China",93221,87147,4745,12,2020
"318","China",93348,87204,4746,12,2020
"319","China",93467,87259,4746,12,2020
"320","China",93577,87331,4746,12,2020
"321","China",93670,87404,4746,12,2020
"322","China",93782,87483,4746,12,2020
"323","China",93898,87582,4748,12,2020
"324","China",94025,87707,4748,12,2020
"325","China",94124,87815,4748,12,2020
"326","China",94217,87944,4749,12,2020
"327","China",94328,88041,4751,12,2020
"328","China",94427,88122,4754,12,2020
"329","China",94537,88211,4757,12,2020
"330","China",94626,88326,4757,12,2020
"331","China",94734,88429,4759,12,2020
"332","China",94821,88538,4763,12,2020
"333","China",94953,88666,4763,12,2020
"334","China",95050,88781,4764,12,2020
"335","China",95150,88861,4765,12,2020
"336","China",95228,88963,4766,12,2020
"337","China",95298,89104,4767,12,2020
"338","China",95383,89205,4769,12,2020
"339","China",95460,89330,4770,12,2020
"340","China",95541,89423,4770,12,2020
"341","China",95632,89518,4771,12,2020
"342","China",95720,89586,4775,12,2020
"343","China",95797,89697,4777,12,2020
"344","China",95876,89813,4781,12,2020
"345","China",95963,89923,4782,12,2020
"346","India",0,0,0,1,2020
"347","India",0,0,0,1,2020
"348","India",0,0,0,1,2020
"349","India",0,0,0,1,2020
"350","India",0,0,0,1,2020
"351","India",0,0,0,1,2020
"352","India",0,0,0,1,2020
"353","India",0,0,0,1,2020
"354","India",1,0,0,1,2020
"355","India",1,0,0,1,2020
"356","India",1,0,0,2,2020
"357","India",2,0,0,2,2020
"358","India",3,0,0,2,2020
"359","India",3,0,0,2,2020
"360","India",3,0,0,2,2020
"361","India",3,0,0,2,2020
"362","India",3,0,0,2,2020
"363","India",3,0,0,2,2020
"364","India",3,0,0,2,2020
"365","India",3,0,0,2,2020
"366","India",3,0,0,2,2020
"367","India",3,0,0,2,2020
"368","India",3,0,0,2,2020
"369","India",3,0,0,2,2020
"370","India",3,0,0,2,2020
"371","India",3,3,0,2,2020
"372","India",3,3,0,2,2020
"373","India",3,3,0,2,2020
"374","India",3,3,0,2,2020
"375","India",3,3,0,2,2020
"376","India",3,3,0,2,2020
"377","India",3,3,0,2,2020
"378","India",3,3,0,2,2020
"379","India",3,3,0,2,2020
"380","India",3,3,0,2,2020
"381","India",3,3,0,2,2020
"382","India",3,3,0,2,2020
"383","India",3,3,0,2,2020
"384","India",3,3,0,2,2020
"385","India",3,3,0,3,2020
"386","India",5,3,0,3,2020
"387","India",5,3,0,3,2020
"388","India",28,3,0,3,2020
"389","India",30,3,0,3,2020
"390","India",31,3,0,3,2020
"391","India",34,3,0,3,2020
"392","India",39,3,0,3,2020
"393","India",43,3,0,3,2020
"394","India",56,4,0,3,2020
"395","India",62,4,1,3,2020
"396","India",73,4,1,3,2020
"397","India",82,4,2,3,2020
"398","India",102,4,2,3,2020
"399","India",113,13,2,3,2020
"400","India",119,13,2,3,2020
"401","India",142,14,3,3,2020
"402","India",156,14,3,3,2020
"403","India",194,15,4,3,2020
"404","India",244,20,5,3,2020
"405","India",330,23,4,3,2020
"406","India",396,27,7,3,2020
"407","India",499,27,10,3,2020
"408","India",536,40,10,3,2020
"409","India",657,43,12,3,2020
"410","India",727,45,20,3,2020
"411","India",887,73,20,3,2020
"412","India",987,84,24,3,2020
"413","India",1024,95,27,3,2020
"414","India",1251,102,32,3,2020
"415","India",1397,123,35,3,2020
"416","India",1998,148,58,4,2020
"417","India",2543,191,72,4,2020
"418","India",2567,192,72,4,2020
"419","India",3082,229,86,4,2020
"420","India",3588,229,99,4,2020
"421","India",4778,375,136,4,2020
"422","India",5311,421,150,4,2020
"423","India",5916,506,178,4,2020
"424","India",6725,620,226,4,2020
"425","India",7598,774,246,4,2020
"426","India",8446,969,288,4,2020
"427","India",9205,1080,331,4,2020
"428","India",10453,1181,358,4,2020
"429","India",11487,1359,393,4,2020
"430","India",12322,1432,405,4,2020
"431","India",13430,1768,448,4,2020
"432","India",14352,2041,486,4,2020
"433","India",15722,2463,521,4,2020
"434","India",17615,2854,559,4,2020
"435","India",18539,3273,592,4,2020
"436","India",20080,3975,645,4,2020
"437","India",21370,4370,681,4,2020
"438","India",23077,5012,721,4,2020
"439","India",24530,5498,780,4,2020
"440","India",26283,5939,825,4,2020
"441","India",27890,6523,881,4,2020
"442","India",29451,7137,939,4,2020
"443","India",31324,7747,1008,4,2020
"444","India",33062,8437,1079,4,2020
"445","India",34863,9068,1154,4,2020
"446","India",37257,10007,1223,5,2020
"447","India",39699,10819,1323,5,2020
"448","India",42505,11775,1391,5,2020
"449","India",46437,12847,1566,5,2020
"450","India",49400,14142,1693,5,2020
"451","India",52987,15331,1785,5,2020
"452","India",56351,16776,1889,5,2020
"453","India",59695,17887,1985,5,2020
"454","India",62808,19301,2101,5,2020
"455","India",67161,20969,2212,5,2020
"456","India",70768,22549,2294,5,2020
"457","India",74292,24420,2415,5,2020
"458","India",78055,26400,2551,5,2020
"459","India",81997,27969,2649,5,2020
"460","India",85784,30258,2753,5,2020
"461","India",90648,34224,2871,5,2020
"462","India",95698,36795,3025,5,2020
"463","India",100328,39233,3156,5,2020
"464","India",106475,42309,3302,5,2020
"465","India",112028,45422,3434,5,2020
"466","India",118226,48553,3584,5,2020
"467","India",124794,51824,3726,5,2020
"468","India",131423,54385,3868,5,2020
"469","India",138536,57692,4024,5,2020
"470","India",144950,60706,4172,5,2020
"471","India",150793,64277,4344,5,2020
"472","India",158086,67749,4534,5,2020
"473","India",165386,70920,4711,5,2020
"474","India",173491,82627,4980,5,2020
"475","India",181827,86936,5185,5,2020
"476","India",190609,91852,5408,5,2020
"477","India",198370,95754,5608,6,2020
"478","India",207191,100285,5829,6,2020
"479","India",216824,104071,6088,6,2020
"480","India",226713,108450,6363,6,2020
"481","India",236184,113233,6649,6,2020
"482","India",246622,118695,6946,6,2020
"483","India",257486,123848,7207,6,2020
"484","India",265928,129095,7473,6,2020
"485","India",276146,134670,7750,6,2020
"486","India",286605,135206,8102,6,2020
"487","India",297535,147195,8498,6,2020
"488","India",308993,154330,8884,6,2020
"489","India",320922,162379,9195,6,2020
"490","India",332424,169798,9520,6,2020
"491","India",343091,180013,9900,6,2020
"492","India",354065,186935,11903,6,2020
"493","India",366946,194325,12237,6,2020
"494","India",380532,204711,12573,6,2020
"495","India",395048,213831,12948,6,2020
"496","India",410451,227728,13254,6,2020
"497","India",425282,237196,13699,6,2020
"498","India",440215,248190,14011,6,2020
"499","India",456183,258685,14476,6,2020
"500","India",473105,271697,14894,6,2020
"501","India",490401,285637,15301,6,2020
"502","India",508953,295881,15685,6,2020
"503","India",528859,309713,16095,6,2020
"504","India",548318,321723,16475,6,2020
"505","India",566840,334822,16893,6,2020
"506","India",585481,347912,17400,6,2020
"507","India",604641,359860,17834,7,2020
"508","India",625544,379892,18213,7,2020
"509","India",648315,394227,18655,7,2020
"510","India",673165,409083,19268,7,2020
"511","India",697413,424433,19693,7,2020
"512","India",719664,439934,20159,7,2020
"513","India",742417,456831,20642,7,2020
"514","India",767296,476378,21129,7,2020
"515","India",793802,495513,21604,7,2020
"516","India",820916,515386,22123,7,2020
"517","India",849522,534618,22673,7,2020
"518","India",878254,553471,23174,7,2020
"519","India",906752,571460,23727,7,2020
"520","India",936181,592032,24309,7,2020
"521","India",968857,612768,24914,7,2020
"522","India",1003832,635757,25602,7,2020
"523","India",1039084,653751,26273,7,2020
"524","India",1077781,677423,26816,7,2020
"525","India",1118206,700087,27497,7,2020
"526","India",1155338,724578,28082,7,2020
"527","India",1193078,753050,28732,7,2020
"528","India",1238798,782607,29861,7,2020
"529","India",1288108,817209,30601,7,2020
"530","India",1337024,849432,31358,7,2020
"531","India",1385635,885573,32060,7,2020
"532","India",1435616,917568,32771,7,2020
"533","India",1480073,951166,33408,7,2020
"534","India",1531669,988029,34193,7,2020
"535","India",1581963,1019735,34955,7,2020
"536","India",1634746,1055348,35718,7,2020
"537","India",1695988,1094374,36511,7,2020
"538","India",1750723,1145629,37364,8,2020
"539","India",1803695,1186203,38135,8,2020
"540","India",1855745,1230509,38938,8,2020
"541","India",1908254,1282215,39795,8,2020
"542","India",1964536,1328336,40699,8,2020
"543","India",2027074,1378105,41585,8,2020
"544","India",2088611,1427005,42518,8,2020
"545","India",2153010,1480884,43379,8,2020
"546","India",2215074,1535743,44386,8,2020
"547","India",2268675,1583489,45257,8,2020
"548","India",2329638,1639599,46091,8,2020
"549","India",2396637,1695982,47033,8,2020
"550","India",2461190,1751555,48040,8,2020
"551","India",2525922,1808936,49036,8,2020
"552","India",2589952,1862258,49980,8,2020
"553","India",2647663,1919842,50921,8,2020
"554","India",2702681,1977671,51797,8,2020
"555","India",2767253,2037816,52888,8,2020
"556","India",2836925,2096664,53866,8,2020
"557","India",2905825,2158946,54849,8,2020
"558","India",2975701,2222577,55794,8,2020
"559","India",3044940,2280566,56706,8,2020
"560","India",3106348,2338035,57542,8,2020
"561","India",3167323,2404585,58390,8,2020
"562","India",3224547,2458339,59357,8,2020
"563","India",3310234,2523771,60472,8,2020
"564","India",3387500,2583948,61529,8,2020
"565","India",3463972,2648998,62550,8,2020
"566","India",3542733,2713933,63498,8,2020
"567","India",3621245,2774801,64469,8,2020
"568","India",3691166,2839882,65288,8,2020
"569","India",3769523,2901908,66333,9,2020
"570","India",3853406,2970492,67376,9,2020
"571","India",3936747,3037151,68472,9,2020
"572","India",4023179,3107223,69561,9,2020
"573","India",4113811,3180865,70626,9,2020
"574","India",4204613,3250429,71642,9,2020
"575","India",4280422,3323950,72775,9,2020
"576","India",4370128,3398844,73890,9,2020
"577","India",4465863,3471783,75062,9,2020
"578","India",4562414,3542663,76271,9,2020
"579","India",4659984,3624196,77472,9,2020
"580","India",4754356,3702595,78586,9,2020
"581","India",4846427,3780107,79722,9,2020
"582","India",4930236,3859399,80776,9,2020
"583","India",5020359,3942360,82066,9,2020
"584","India",5118253,4025079,83198,9,2020
"585","India",5214677,4112551,84372,9,2020
"586","India",5308014,4208431,85619,9,2020
"587","India",5400619,4303043,86752,9,2020
"588","India",5487580,4396399,87882,9,2020
"589","India",5562663,4497867,88935,9,2020
"590","India",5646010,4587613,90020,9,2020
"591","India",5732518,4674987,91149,9,2020
"592","India",5818570,4756164,92290,9,2020
"593","India",5903932,4849584,93379,9,2020
"594","India",5992532,4941627,94503,9,2020
"595","India",6074702,5016520,95542,9,2020
"596","India",6145291,5101397,96318,9,2020
"597","India",6225763,5187825,97497,9,2020
"598","India",6312584,5273201,98678,9,2020
"599","India",6394068,5352078,99773,10,2020
"600","India",6473544,5427706,100842,10,2020
"601","India",6549373,5509966,101782,10,2020
"602","India",6623815,5586703,102685,10,2020
"603","India",6685082,5662490,103569,10,2020
"604","India",6757131,5744693,104555,10,2020
"605","India",6835655,5827704,105526,10,2020
"606","India",6906151,5906069,106490,10,2020
"607","India",6979423,5988822,107416,10,2020
"608","India",7053806,6077976,108334,10,2020
"609","India",7120538,6149535,109150,10,2020
"610","India",7175880,6227295,109856,10,2020
"611","India",7239389,6301927,110586,10,2020
"612","India",7307097,6383441,111266,10,2020
"613","India",7370468,6453779,112161,10,2020
"614","India",7432680,6524595,112998,10,2020
"615","India",7494551,6597209,114031,10,2020
"616","India",7550273,6663608,114610,10,2020
"617","India",7597063,6733328,115197,10,2020
"618","India",7651107,6795103,115914,10,2020
"619","India",7706946,6874518,116616,10,2020
"620","India",7761312,6948497,117306,10,2020
"621","India",7814682,7016046,117956,10,2020
"622","India",7864811,7078123,118534,10,2020
"623","India",7909959,7137228,119014,10,2020
"624","India",7946429,7201070,119502,10,2020
"625","India",7990322,7259509,120010,10,2020
"626","India",8040203,7315989,120527,10,2020
"627","India",8088851,7373375,121090,10,2020
"628","India",8137119,7432829,121641,10,2020
"629","India",8184082,7491513,122111,10,2020
"630","India",8229313,7544798,122607,11,2020
"631","India",8267623,7603121,123097,11,2020
"632","India",8313876,7656478,123611,11,2020
"633","India",8364086,7711809,124315,11,2020
"634","India",8411724,7765966,124985,11,2020
"635","India",8462080,7819886,125562,11,2020
"636","India",8507754,7868968,126121,11,2020
"637","India",8553657,7917373,126611,11,2020
"638","India",8591730,7959406,127059,11,2020
"639","India",8636011,8013783,127571,11,2020
"640","India",8683916,8066501,128121,11,2020
"641","India",8728795,8115580,128668,11,2020
"642","India",8773479,8163572,129188,11,2020
"643","India",8814579,8205728,129635,11,2020
"644","India",8845127,8249579,130070,11,2020
"645","India",8874290,8290370,130519,11,2020
"646","India",8912907,8335109,130993,11,2020
"647","India",8958483,8383602,131578,11,2020
"648","India",9004365,8428409,132162,11,2020
"649","India",9050597,8478124,132726,11,2020
"650","India",9095806,8521617,133227,11,2020
"651","India",9139865,8562641,133738,11,2020
"652","India",9177840,8604955,134218,11,2020
"653","India",9222216,8642771,134699,11,2020
"654","India",9266705,8679138,135223,11,2020
"655","India",9309787,8718517,135715,11,2020
"656","India",9351109,8759969,136200,11,2020
"657","India",9392919,8802267,136696,11,2020
"658","India",9431691,8847600,137139,11,2020
"659","India",9462809,8889585,137621,11,2020
"660","India",9499413,8932647,138122,12,2020
"661","India",9534964,8973373,138648,12,2020
"662","India",9571559,9016289,139188,12,2020
"663","India",9608211,9058822,139700,12,2020
"664","India",9644222,9100792,140182,12,2020
"665","India",9677203,9139901,140573,12,2020
"666","India",9703770,9178946,140958,12,2020
"667","India",9735850,9215581,141360,12,2020
"668","India",9767371,9253306,141772,12,2020
"669","India",9796744,9290809,142185,12,2020
"670","India",9826775,9324328,142628,12,2020
"671","India",9857029,9357464,143019,12,2020
"672","India",9884100,9388159,143355,12,2020
"673","India",9906165,9422636,143709,12,2020
"674","India",9932547,9456449,144096,12,2020
"675","India",9956557,9489740,144451,12,2020
"676","India",9979447,9520827,144789,12,2020
"677","India",10004599,9550712,145136,12,2020
"678","India",10031223,9580402,145477,12,2020
"679","India",10055560,9606111,145810,12,2020
"680","India",10075116,9636487,146111,12,2020
"681","India",10099066,9663382,146444,12,2020
"682","India",10123778,9693173,146756,12,2020
"683","India",10146845,9717834,147092,12,2020
"684","India",10169118,9740108,147343,12,2020
"685","India",10187850,9761538,147622,12,2020
"686","India",10207871,9782669,147901,12,2020
"687","India",10224303,9807569,148153,12,2020
"688","India",10244852,9834141,148439,12,2020
"689","India",10266674,9860280,148738,12,2020
"690","India",10266674,9860280,148738,12,2020
"691","Singapore",0,0,0,1,2020
"692","Singapore",1,0,0,1,2020
"693","Singapore",3,0,0,1,2020
"694","Singapore",3,0,0,1,2020
"695","Singapore",4,0,0,1,2020
"696","Singapore",5,0,0,1,2020
"697","Singapore",7,0,0,1,2020
"698","Singapore",7,0,0,1,2020
"699","Singapore",10,0,0,1,2020
"700","Singapore",13,0,0,1,2020
"701","Singapore",16,0,0,2,2020
"702","Singapore",18,0,0,2,2020
"703","Singapore",18,0,0,2,2020
"704","Singapore",24,0,0,2,2020
"705","Singapore",28,0,0,2,2020
"706","Singapore",28,0,0,2,2020
"707","Singapore",30,0,0,2,2020
"708","Singapore",33,2,0,2,2020
"709","Singapore",40,2,0,2,2020
"710","Singapore",45,2,0,2,2020
"711","Singapore",47,9,0,2,2020
"712","Singapore",50,15,0,2,2020
"713","Singapore",58,15,0,2,2020
"714","Singapore",67,17,0,2,2020
"715","Singapore",72,18,0,2,2020
"716","Singapore",75,18,0,2,2020
"717","Singapore",77,24,0,2,2020
"718","Singapore",81,29,0,2,2020
"719","Singapore",84,34,0,2,2020
"720","Singapore",84,34,0,2,2020
"721","Singapore",85,37,0,2,2020
"722","Singapore",85,37,0,2,2020
"723","Singapore",89,51,0,2,2020
"724","Singapore",89,51,0,2,2020
"725","Singapore",91,53,0,2,2020
"726","Singapore",93,62,0,2,2020
"727","Singapore",93,62,0,2,2020
"728","Singapore",93,62,0,2,2020
"729","Singapore",102,72,0,2,2020
"730","Singapore",106,72,0,3,2020
"731","Singapore",108,78,0,3,2020
"732","Singapore",110,78,0,3,2020
"733","Singapore",110,78,0,3,2020
"734","Singapore",117,78,0,3,2020
"735","Singapore",130,78,0,3,2020
"736","Singapore",138,78,0,3,2020
"737","Singapore",150,78,0,3,2020
"738","Singapore",150,78,0,3,2020
"739","Singapore",160,78,0,3,2020
"740","Singapore",178,96,0,3,2020
"741","Singapore",178,96,0,3,2020
"742","Singapore",200,97,0,3,2020
"743","Singapore",212,105,0,3,2020
"744","Singapore",226,105,0,3,2020
"745","Singapore",243,109,0,3,2020
"746","Singapore",266,114,0,3,2020
"747","Singapore",313,114,0,3,2020
"748","Singapore",345,114,0,3,2020
"749","Singapore",385,124,0,3,2020
"750","Singapore",432,140,2,3,2020
"751","Singapore",455,144,2,3,2020
"752","Singapore",509,144,2,3,2020
"753","Singapore",558,156,2,3,2020
"754","Singapore",631,160,2,3,2020
"755","Singapore",683,172,2,3,2020
"756","Singapore",732,183,2,3,2020
"757","Singapore",802,198,2,3,2020
"758","Singapore",844,212,3,3,2020
"759","Singapore",879,228,3,3,2020
"760","Singapore",926,240,3,3,2020
"761","Singapore",1000,245,3,4,2020
"762","Singapore",1049,266,4,4,2020
"763","Singapore",1114,282,5,4,2020
"764","Singapore",1189,297,6,4,2020
"765","Singapore",1309,320,6,4,2020
"766","Singapore",1375,344,6,4,2020
"767","Singapore",1481,377,6,4,2020
"768","Singapore",1623,406,6,4,2020
"769","Singapore",1910,460,6,4,2020
"770","Singapore",2108,492,7,4,2020
"771","Singapore",2299,528,8,4,2020
"772","Singapore",2532,560,8,4,2020
"773","Singapore",2918,586,9,4,2020
"774","Singapore",3252,611,10,4,2020
"775","Singapore",3699,652,10,4,2020
"776","Singapore",4427,683,10,4,2020
"777","Singapore",5050,708,11,4,2020
"778","Singapore",5992,740,11,4,2020
"779","Singapore",6588,768,11,4,2020
"780","Singapore",8014,801,11,4,2020
"781","Singapore",9125,839,11,4,2020
"782","Singapore",10141,896,12,4,2020
"783","Singapore",11178,924,12,4,2020
"784","Singapore",12075,956,12,4,2020
"785","Singapore",12693,1002,12,4,2020
"786","Singapore",13624,1060,12,4,2020
"787","Singapore",14423,1095,14,4,2020
"788","Singapore",14951,1128,14,4,2020
"789","Singapore",15641,1188,14,4,2020
"790","Singapore",16169,1244,15,4,2020
"791","Singapore",17101,1268,16,5,2020
"792","Singapore",17548,1347,17,5,2020
"793","Singapore",18205,1408,18,5,2020
"794","Singapore",18778,1457,18,5,2020
"795","Singapore",19410,1519,18,5,2020
"796","Singapore",20198,1634,20,5,2020
"797","Singapore",20939,1712,20,5,2020
"798","Singapore",21707,2040,20,5,2020
"799","Singapore",22460,2296,20,5,2020
"800","Singapore",23336,2721,20,5,2020
"801","Singapore",23822,3225,21,5,2020
"802","Singapore",24671,3851,21,5,2020
"803","Singapore",25346,4809,21,5,2020
"804","Singapore",26098,5973,21,5,2020
"805","Singapore",26891,7248,21,5,2020
"806","Singapore",27356,8342,22,5,2020
"807","Singapore",28038,9340,22,5,2020
"808","Singapore",28343,9835,22,5,2020
"809","Singapore",28794,10365,22,5,2020
"810","Singapore",29364,11207,22,5,2020
"811","Singapore",29812,12117,23,5,2020
"812","Singapore",30426,12995,23,5,2020
"813","Singapore",31068,13882,23,5,2020
"814","Singapore",31616,14876,23,5,2020
"815","Singapore",31960,15738,23,5,2020
"816","Singapore",32343,16444,23,5,2020
"817","Singapore",32876,17276,23,5,2020
"818","Singapore",33249,18294,23,5,2020
"819","Singapore",33860,19631,23,5,2020
"820","Singapore",34366,20727,23,5,2020
"821","Singapore",34884,21699,23,5,2020
"822","Singapore",35292,22466,24,6,2020
"823","Singapore",35836,23175,24,6,2020
"824","Singapore",36405,23582,24,6,2020
"825","Singapore",36922,23904,24,6,2020
"826","Singapore",37183,24209,24,6,2020
"827","Singapore",37527,24559,25,6,2020
"828","Singapore",37910,24886,25,6,2020
"829","Singapore",38296,25368,25,6,2020
"830","Singapore",38514,25877,25,6,2020
"831","Singapore",38965,26532,25,6,2020
"832","Singapore",39387,27286,25,6,2020
"833","Singapore",39850,28040,25,6,2020
"834","Singapore",40197,28808,26,6,2020
"835","Singapore",40604,29589,26,6,2020
"836","Singapore",40818,30366,26,6,2020
"837","Singapore",40969,31163,26,6,2020
"838","Singapore",41216,31938,26,6,2020
"839","Singapore",41473,32712,26,6,2020
"840","Singapore",41615,33459,26,6,2020
"841","Singapore",41833,34224,26,6,2020
"842","Singapore",42095,34942,26,6,2020
"843","Singapore",42313,35590,26,6,2020
"844","Singapore",42432,35995,26,6,2020
"845","Singapore",42623,36299,26,6,2020
"846","Singapore",42736,36604,26,6,2020
"847","Singapore",42955,36825,26,6,2020
"848","Singapore",43246,37163,26,6,2020
"849","Singapore",43459,37508,26,6,2020
"850","Singapore",43661,37985,26,6,2020
"851","Singapore",43907,38500,26,6,2020
"852","Singapore",44122,39011,26,7,2020
"853","Singapore",44310,39429,26,7,2020
"854","Singapore",44479,39769,26,7,2020
"855","Singapore",44664,40117,26,7,2020
"856","Singapore",44800,40441,26,7,2020
"857","Singapore",44983,40717,26,7,2020
"858","Singapore",45140,41002,26,7,2020
"859","Singapore",45298,41323,26,7,2020
"860","Singapore",45423,41645,26,7,2020
"861","Singapore",45614,41780,26,7,2020
"862","Singapore",45783,42026,26,7,2020
"863","Singapore",45961,42285,26,7,2020
"864","Singapore",46283,42541,26,7,2020
"865","Singapore",46630,42737,27,7,2020
"866","Singapore",46878,42988,27,7,2020
"867","Singapore",47126,43256,27,7,2020
"868","Singapore",47453,43577,27,7,2020
"869","Singapore",47655,43833,27,7,2020
"870","Singapore",47912,44086,27,7,2020
"871","Singapore",48035,44371,27,7,2020
"872","Singapore",48434,44584,27,7,2020
"873","Singapore",48744,44795,27,7,2020
"874","Singapore",49098,45015,27,7,2020
"875","Singapore",49375,45172,27,7,2020
"876","Singapore",49888,45352,27,7,2020
"877","Singapore",50369,45521,27,7,2020
"878","Singapore",50838,45692,27,7,2020
"879","Singapore",51197,45893,27,7,2020
"880","Singapore",51531,46098,27,7,2020
"881","Singapore",51809,46308,27,7,2020
"882","Singapore",52205,46491,27,7,2020
"883","Singapore",52512,46740,27,8,2020
"884","Singapore",52825,46926,27,8,2020
"885","Singapore",53051,47179,27,8,2020
"886","Singapore",53346,47454,27,8,2020
"887","Singapore",54254,47768,27,8,2020
"888","Singapore",54555,48031,27,8,2020
"889","Singapore",54797,48312,27,8,2020
"890","Singapore",54929,48583,27,8,2020
"891","Singapore",55104,48915,27,8,2020
"892","Singapore",55292,49609,27,8,2020
"893","Singapore",55353,50128,27,8,2020
"894","Singapore",55395,50520,27,8,2020
"895","Singapore",55497,50736,27,8,2020
"896","Singapore",55580,51049,27,8,2020
"897","Singapore",55661,51521,27,8,2020
"898","Singapore",55747,51953,27,8,2020
"899","Singapore",55838,52350,27,8,2020
"900","Singapore",55938,52533,27,8,2020
"901","Singapore",56031,52810,27,8,2020
"902","Singapore",56099,53119,27,8,2020
"903","Singapore",56216,53651,27,8,2020
"904","Singapore",56266,53920,27,8,2020
"905","Singapore",56353,54164,27,8,2020
"906","Singapore",56404,54587,27,8,2020
"907","Singapore",56435,54816,27,8,2020
"908","Singapore",56495,54971,27,8,2020
"909","Singapore",56572,55139,27,8,2020
"910","Singapore",56666,55337,27,8,2020
"911","Singapore",56717,55447,27,8,2020
"912","Singapore",56771,55586,27,8,2020
"913","Singapore",56812,55658,27,8,2020
"914","Singapore",56852,55749,27,9,2020
"915","Singapore",56860,55891,27,9,2020
"916","Singapore",56908,56028,27,9,2020
"917","Singapore",56948,56174,27,9,2020
"918","Singapore",56982,56267,27,9,2020
"919","Singapore",57022,56333,27,9,2020
"920","Singapore",57044,56408,27,9,2020
"921","Singapore",57091,56461,27,9,2020
"922","Singapore",57166,56492,27,9,2020
"923","Singapore",57229,56558,27,9,2020
"924","Singapore",57315,56607,27,9,2020
"925","Singapore",57357,56699,27,9,2020
"926","Singapore",57406,56764,27,9,2020
"927","Singapore",57454,56802,27,9,2020
"928","Singapore",57488,56884,27,9,2020
"929","Singapore",57514,56955,27,9,2020
"930","Singapore",57532,57039,27,9,2020
"931","Singapore",57543,57071,27,9,2020
"932","Singapore",57558,57142,27,9,2020
"933","Singapore",57576,57181,27,9,2020
"934","Singapore",57606,57241,27,9,2020
"935","Singapore",57627,57262,27,9,2020
"936","Singapore",57639,57291,27,9,2020
"937","Singapore",57654,57333,27,9,2020
"938","Singapore",57665,57341,27,9,2020
"939","Singapore",57685,57359,27,9,2020
"940","Singapore",57700,57367,27,9,2020
"941","Singapore",57715,57393,27,9,2020
"942","Singapore",57742,57466,27,9,2020
"943","Singapore",57765,57488,27,9,2020
"944","Singapore",57784,57512,27,10,2020
"945","Singapore",57794,57534,27,10,2020
"946","Singapore",57800,57562,27,10,2020
"947","Singapore",57812,57575,27,10,2020
"948","Singapore",57819,57597,27,10,2020
"949","Singapore",57830,57612,27,10,2020
"950","Singapore",57840,57624,27,10,2020
"951","Singapore",57849,57668,27,10,2020
"952","Singapore",57859,57675,27,10,2020
"953","Singapore",57866,57698,27,10,2020
"954","Singapore",57876,57705,27,10,2020
"955","Singapore",57880,57728,28,10,2020
"956","Singapore",57884,57740,28,10,2020
"957","Singapore",57889,57752,28,10,2020
"958","Singapore",57892,57764,28,10,2020
"959","Singapore",57901,57784,28,10,2020
"960","Singapore",57904,57798,28,10,2020
"961","Singapore",57911,57807,28,10,2020
"962","Singapore",57915,57819,28,10,2020
"963","Singapore",57921,57819,28,10,2020
"964","Singapore",57933,57821,28,10,2020
"965","Singapore",57941,57829,28,10,2020
"966","Singapore",57951,57832,28,10,2020
"967","Singapore",57965,57844,28,10,2020
"968","Singapore",57970,57858,28,10,2020
"969","Singapore",57973,57879,28,10,2020
"970","Singapore",57980,57883,28,10,2020
"971","Singapore",57987,57890,28,10,2020
"972","Singapore",57994,57899,28,10,2020
"973","Singapore",58003,57909,28,10,2020
"974","Singapore",58015,57913,28,10,2020
"975","Singapore",58019,57924,28,11,2020
"976","Singapore",58020,57924,28,11,2020
"977","Singapore",58029,57937,28,11,2020
"978","Singapore",58036,57938,28,11,2020
"979","Singapore",58043,57949,28,11,2020
"980","Singapore",58047,57959,28,11,2020
"981","Singapore",58054,57968,28,11,2020
"982","Singapore",58056,57975,28,11,2020
"983","Singapore",58064,57981,28,11,2020
"984","Singapore",58073,57985,28,11,2020
"985","Singapore",58091,57990,28,11,2020
"986","Singapore",58102,58002,28,11,2020
"987","Singapore",58114,58008,28,11,2020
"988","Singapore",58116,58019,28,11,2020
"989","Singapore",58119,58029,28,11,2020
"990","Singapore",58124,58033,28,11,2020
"991","Singapore",58130,58039,28,11,2020
"992","Singapore",58135,58046,28,11,2020
"993","Singapore",58139,58052,28,11,2020
"994","Singapore",58143,58058,28,11,2020
"995","Singapore",58148,58064,28,11,2020
"996","Singapore",58160,58067,28,11,2020
"997","Singapore",58165,58071,28,11,2020
"998","Singapore",58183,58079,28,11,2020
"999","Singapore",58190,58091,28,11,2020
"1000","Singapore",58195,58104,28,11,2020
"1001","Singapore",58199,58111,28,11,2020
"1002","Singapore",58205,58119,29,11,2020
"1003","Singapore",58213,58124,29,11,2020
"1004","Singapore",58218,58134,29,11,2020
"1005","Singapore",58228,58139,29,12,2020
"1006","Singapore",58230,58144,29,12,2020
"1007","Singapore",58239,58145,29,12,2020
"1008","Singapore",58242,58152,29,12,2020
"1009","Singapore",58255,58158,29,12,2020
"1010","Singapore",58260,58160,29,12,2020
"1011","Singapore",58273,58168,29,12,2020
"1012","Singapore",58285,58176,29,12,2020
"1013","Singapore",58291,58182,29,12,2020
"1014","Singapore",58297,58188,29,12,2020
"1015","Singapore",58305,58192,29,12,2020
"1016","Singapore",58313,58197,29,12,2020
"1017","Singapore",58320,58208,29,12,2020
"1018","Singapore",58325,58210,29,12,2020
"1019","Singapore",58341,58233,29,12,2020
"1020","Singapore",58353,58238,29,12,2020
"1021","Singapore",58377,58252,29,12,2020
"1022","Singapore",58386,58265,29,12,2020
"1023","Singapore",58403,58274,29,12,2020
"1024","Singapore",58422,58279,29,12,2020
"1025","Singapore",58432,58287,29,12,2020
"1026","Singapore",58461,58304,29,12,2020
"1027","Singapore",58482,58322,29,12,2020
"1028","Singapore",58495,58332,29,12,2020
"1029","Singapore",58509,58352,29,12,2020
"1030","Singapore",58519,58362,29,12,2020
"1031","Singapore",58524,58370,29,12,2020
"1032","Singapore",58529,58386,29,12,2020
"1033","Singapore",58542,58400,29,12,2020
"1034","Singapore",58569,58411,29,12,2020
"1035","Singapore",58599,58449,29,12,2020
"1036","US",1,0,0,1,2020
"1037","US",1,0,0,1,2020
"1038","US",2,0,0,1,2020
"1039","US",2,0,0,1,2020
"1040","US",5,0,0,1,2020
"1041","US",5,0,0,1,2020
"1042","US",5,0,0,1,2020
"1043","US",6,0,0,1,2020
"1044","US",6,0,0,1,2020
"1045","US",8,0,0,1,2020
"1046","US",8,0,0,2,2020
"1047","US",8,0,0,2,2020
"1048","US",11,0,0,2,2020
"1049","US",11,0,0,2,2020
"1050","US",11,0,0,2,2020
"1051","US",12,0,0,2,2020
"1052","US",12,0,0,2,2020
"1053","US",12,0,0,2,2020
"1054","US",12,3,0,2,2020
"1055","US",12,3,0,2,2020
"1056","US",13,3,0,2,2020
"1057","US",13,3,0,2,2020
"1058","US",14,3,0,2,2020
"1059","US",14,3,0,2,2020
"1060","US",14,3,0,2,2020
"1061","US",14,3,0,2,2020
"1062","US",14,3,0,2,2020
"1063","US",14,3,0,2,2020
"1064","US",14,3,0,2,2020
"1065","US",14,3,0,2,2020
"1066","US",16,5,0,2,2020
"1067","US",16,5,0,2,2020
"1068","US",16,5,0,2,2020
"1069","US",16,5,0,2,2020
"1070","US",16,6,0,2,2020
"1071","US",16,6,0,2,2020
"1072","US",17,6,0,2,2020
"1073","US",17,7,0,2,2020
"1074","US",25,7,1,2,2020
"1075","US",32,7,1,3,2020
"1076","US",55,7,6,3,2020
"1077","US",74,7,7,3,2020
"1078","US",107,7,11,3,2020
"1079","US",184,7,12,3,2020
"1080","US",237,7,14,3,2020
"1081","US",403,7,17,3,2020
"1082","US",519,7,21,3,2020
"1083","US",594,7,22,3,2020
"1084","US",782,8,28,3,2020
"1085","US",1147,8,33,3,2020
"1086","US",1586,12,43,3,2020
"1087","US",2219,12,51,3,2020
"1088","US",2978,12,58,3,2020
"1089","US",3212,12,70,3,2020
"1090","US",4679,17,97,3,2020
"1091","US",6512,17,134,3,2020
"1092","US",9169,105,194,3,2020
"1093","US",13663,121,266,3,2020
"1094","US",20030,147,372,3,2020
"1095","US",26025,176,475,3,2020
"1096","US",34898,178,596,3,2020
"1097","US",46136,178,788,3,2020
"1098","US",56755,348,1031,3,2020
"1099","US",68837,361,1364,3,2020
"1100","US",86693,681,1783,3,2020
"1101","US",105383,869,2305,3,2020
"1102","US",125013,1072,2947,3,2020
"1103","US",143912,2665,3571,3,2020
"1104","US",165987,5644,4284,3,2020
"1105","US",192301,7024,5369,3,2020
"1106","US",224560,8474,6652,4,2020
"1107","US",256792,9001,8164,4,2020
"1108","US",289087,9707,9595,4,2020
"1109","US",321477,14652,11158,4,2020
"1110","US",351354,17448,12773,4,2020
"1111","US",382747,19581,14544,4,2020
"1112","US",413516,21763,17119,4,2020
"1113","US",444731,23559,19279,4,2020
"1114","US",480667,25410,21482,4,2020
"1115","US",515081,28790,23676,4,2020
"1116","US",544183,31270,25803,4,2020
"1117","US",571440,32988,27677,4,2020
"1118","US",598380,43482,29686,4,2020
"1119","US",627205,47763,32120,4,2020
"1120","US",652611,52096,34732,4,2020
"1121","US",682626,54703,36875,4,2020
"1122","US",715656,58545,38985,4,2020
"1123","US",743588,64840,40958,4,2020
"1124","US",769684,70337,42929,4,2020
"1125","US",799512,72329,45158,4,2020
"1126","US",825429,75204,47672,4,2020
"1127","US",854288,77366,50132,4,2020
"1128","US",887858,80203,52588,4,2020
"1129","US",920185,99079,54776,4,2020
"1130","US",950581,100372,56487,4,2020
"1131","US",977082,106988,57886,4,2020
"1132","US",1000785,111424,59394,4,2020
"1133","US",1025362,115936,61618,4,2020
"1134","US",1051800,120720,64036,4,2020
"1135","US",1081020,153947,66231,4,2020
"1136","US",1115946,164015,68140,5,2020
"1137","US",1143296,175382,69871,5,2020
"1138","US",1167593,180152,71061,5,2020
"1139","US",1191678,187180,72440,5,2020
"1140","US",1216209,189791,74682,5,2020
"1141","US",1240769,189910,76996,5,2020
"1142","US",1268180,195036,78925,5,2020
"1143","US",1295019,198993,80688,5,2020
"1144","US",1320155,212534,82156,5,2020
"1145","US",1339022,216169,83134,5,2020
"1146","US",1358293,232733,84176,5,2020
"1147","US",1381241,230287,85775,5,2020
"1148","US",1401649,243430,87502,5,2020
"1149","US",1428467,246414,89298,5,2020
"1150","US",1453214,250747,90966,5,2020
"1151","US",1477373,268376,92164,5,2020
"1152","US",1495736,272265,92985,5,2020
"1153","US",1518126,283178,94212,5,2020
"1154","US",1539133,289392,95668,5,2020
"1155","US",1561830,294312,97169,5,2020
"1156","US",1587596,298418,98354,5,2020
"1157","US",1611253,350135,99571,5,2020
"1158","US",1632364,361239,100661,5,2020
"1159","US",1652431,366736,101300,5,2020
"1160","US",1671104,379157,101892,5,2020
"1161","US",1690754,384902,102569,5,2020
"1162","US",1709303,391508,104031,5,2020
"1163","US",1731625,399991,105132,5,2020
"1164","US",1756098,406446,106265,5,2020
"1165","US",1779731,416461,107219,5,2020
"1166","US",1798718,444758,107834,5,2020
"1167","US",1816154,458231,108610,6,2020
"1168","US",1837656,463868,109591,6,2020
"1169","US",1857511,479258,110601,6,2020
"1170","US",1879150,485002,111614,6,2020
"1171","US",1904550,491706,112505,6,2020
"1172","US",1925710,500849,113147,6,2020
"1173","US",1943626,506367,113606,6,2020
"1174","US",1961263,518522,114113,6,2020
"1175","US",1979647,524855,115026,6,2020
"1176","US",2000757,533504,115902,6,2020
"1177","US",2023890,540292,116732,6,2020
"1178","US",2048756,547386,117561,6,2020
"1179","US",2073964,556606,118296,6,2020
"1180","US",2092912,561816,118641,6,2020
"1181","US",2112731,576334,119037,6,2020
"1182","US",2136401,583503,119851,6,2020
"1183","US",2163465,592191,120590,6,2020
"1184","US",2191991,599115,121279,6,2020
"1185","US",2223553,606715,121908,6,2020
"1186","US",2255823,617460,122467,6,2020
"1187","US",2280971,622133,122784,6,2020
"1188","US",2313123,640198,123191,6,2020
"1189","US",2350198,647548,123939,6,2020
"1190","US",2386074,656161,124676,6,2020
"1191","US",2426391,663562,125213,6,2020
"1192","US",2472385,670809,125842,6,2020
"1193","US",2513731,679308,126345,6,2020
"1194","US",2554461,685164,126663,6,2020
"1195","US",2595744,705203,127048,6,2020
"1196","US",2642174,720631,127601,6,2020
"1197","US",2693993,729994,128305,7,2020
"1198","US",2750622,781970,129018,7,2020
"1199","US",2801983,790404,129688,7,2020
"1200","US",2847664,894325,130003,7,2020
"1201","US",2898432,906763,130329,7,2020
"1202","US",2941517,924148,130705,7,2020
"1203","US",3002171,936476,131867,7,2020
"1204","US",3062290,953462,132692,7,2020
"1205","US",3124786,969111,133712,7,2020
"1206","US",3192841,983185,134529,7,2020
"1207","US",3252874,995576,135257,7,2020
"1208","US",3311312,1006326,135729,7,2020
"1209","US",3370208,1031939,136174,7,2020
"1210","US",3438244,1049098,137102,7,2020
"1211","US",3506364,1075882,138077,7,2020
"1212","US",3582184,1090645,139033,7,2020
"1213","US",3654445,1107204,139957,7,2020
"1214","US",3716980,1122720,140814,7,2020
"1215","US",3777456,1131121,141295,7,2020
"1216","US",3839546,1160087,141858,7,2020
"1217","US",3904066,1182018,142949,7,2020
"1218","US",3974630,1210849,144173,7,2020
"1219","US",4043070,1233269,145243,7,2020
"1220","US",4116393,1261624,146350,7,2020
"1221","US",4181308,1279414,147280,7,2020
"1222","US",4236083,1297863,147811,7,2020
"1223","US",4292934,1325804,148937,7,2020
"1224","US",4359391,1355363,150267,7,2020
"1225","US",4431244,1389425,151681,7,2020
"1226","US",4498701,1414155,152912,7,2020
"1227","US",4567420,1438160,154149,7,2020
"1228","US",4623604,1461885,155242,8,2020
"1229","US",4669149,1468689,155679,8,2020
"1230","US",4714678,1513446,156260,8,2020
"1231","US",4773479,1528979,157542,8,2020
"1232","US",4827936,1577851,158980,8,2020
"1233","US",4887293,1598624,160224,8,2020
"1234","US",4946590,1623870,161461,8,2020
"1235","US",5000709,1643118,162539,8,2020
"1236","US",5046463,1656864,163063,8,2020
"1237","US",5094087,1670755,163698,8,2020
"1238","US",5142088,1714960,164718,8,2020
"1239","US",5198137,1753760,166217,8,2020
"1240","US",5249451,1774648,167284,8,2020
"1241","US",5314791,1796326,168620,8,2020
"1242","US",5361712,1818527,169620,8,2020
"1243","US",5400904,1833067,170237,8,2020
"1244","US",5437580,1865580,170730,8,2020
"1245","US",5482614,1898159,171956,8,2020
"1246","US",5529973,1925049,173295,8,2020
"1247","US",5574013,1947035,174398,8,2020
"1248","US",5622842,1965056,175489,8,2020
"1249","US",5665887,1985484,176398,8,2020
"1250","US",5700119,1997761,176943,8,2020
"1251","US",5736641,2020774,177416,8,2020
"1252","US",5777001,2053699,178652,8,2020
"1253","US",5822167,2084465,179818,8,2020
"1254","US",5867547,2101326,180934,8,2020
"1255","US",5914395,2118367,181911,8,2020
"1256","US",5957126,2140614,182812,8,2020
"1257","US",5991507,2153939,183266,8,2020
"1258","US",6026895,2184825,183808,8,2020
"1259","US",6068759,2202663,184836,9,2020
"1260","US",6109773,2231757,185915,9,2020
"1261","US",6153983,2266957,186952,9,2020
"1262","US",6204376,2283454,187910,9,2020
"1263","US",6247464,2302187,188672,9,2020
"1264","US",6278633,2315995,189142,9,2020
"1265","US",6302200,2333551,189438,9,2020
"1266","US",6329593,2359111,189890,9,2020
"1267","US",6363650,2387479,191050,9,2020
"1268","US",6399723,2403511,191966,9,2020
"1269","US",6447501,2417878,193140,9,2020
"1270","US",6488563,2434658,193842,9,2020
"1271","US",6522914,2451406,194277,9,2020
"1272","US",6557342,2474570,194708,9,2020
"1273","US",6596849,2495127,195908,9,2020
"1274","US",6635867,2525573,196864,9,2020
"1275","US",6681004,2540334,197725,9,2020
"1276","US",6730288,2556465,198621,9,2020
"1277","US",6772447,2577446,199353,9,2020
"1278","US",6810862,2590671,199618,9,2020
"1279","US",6862834,2615949,200045,9,2020
"1280","US",6902696,2646959,201077,9,2020
"1281","US",6941758,2670256,202133,9,2020
"1282","US",6988869,2710183,203030,9,2020
"1283","US",7037151,2727335,203974,9,2020
"1284","US",7081803,2750459,204742,9,2020
"1285","US",7119311,2766280,205057,9,2020
"1286","US",7152546,2794608,205415,9,2020
"1287","US",7195994,2813305,206249,9,2020
"1288","US",7235428,2840688,207207,9,2020
"1289","US",7281081,2860650,208080,10,2020
"1290","US",7336043,2873369,208940,10,2020
"1291","US",7384578,2897322,209624,10,2020
"1292","US",7420293,2911699,210005,10,2020
"1293","US",7459742,2935142,210485,10,2020
"1294","US",7504998,2952390,211171,10,2020
"1295","US",7556060,2999895,212098,10,2020
"1296","US",7614653,3021252,213087,10,2020
"1297","US",7671034,3039089,214055,10,2020
"1298","US",7725952,3062983,214713,10,2020
"1299","US",7771893,3075077,215184,10,2020
"1300","US",7813735,3106728,215578,10,2020
"1301","US",7865983,3124593,216374,10,2020
"1302","US",7925748,3155794,217364,10,2020
"1303","US",7990636,3177397,218213,10,2020
"1304","US",8059782,3197539,219150,10,2020
"1305","US",8116518,3220573,219912,10,2020
"1306","US",8165858,3234138,220405,10,2020
"1307","US",8233610,3272603,220884,10,2020
"1308","US",8295581,3295148,221808,10,2020
"1309","US",8358864,3323354,222929,10,2020
"1310","US",8435164,3353056,223843,10,2020
"1311","US",8517113,3375427,224810,10,2020
"1312","US",8599842,3406656,225761,10,2020
"1313","US",8661982,3422878,226223,10,2020
"1314","US",8729385,3460455,226756,10,2020
"1315","US",8806228,3487666,227729,10,2020
"1316","US",8885632,3518140,228764,10,2020
"1317","US",8976684,3554336,229768,10,2020
"1318","US",9075924,3578452,230829,10,2020
"1319","US",9165619,3612478,231739,10,2020
"1320","US",9270467,3630579,232235,11,2020
"1321","US",9355775,3674981,232807,11,2020
"1322","US",9482891,3705130,234385,11,2020
"1323","US",9587499,3743527,235500,11,2020
"1324","US",9716853,3781751,236656,11,2020
"1325","US",9844858,3810791,237895,11,2020
"1326","US",9972308,3851465,238976,11,2020
"1327","US",10087380,3881491,239548,11,2020
"1328","US",10207953,3928845,240327,11,2020
"1329","US",10348449,3961873,241745,11,2020
"1330","US",10495075,3997175,243181,11,2020
"1331","US",10659914,4051256,244385,11,2020
"1332","US",10840303,4095146,245585,11,2020
"1333","US",11008064,4148444,246932,11,2020
"1334","US",11144288,4174884,247708,11,2020
"1335","US",11307233,4244811,248537,11,2020
"1336","US",11471155,4293640,250258,11,2020
"1337","US",11644332,4350789,252176,11,2020
"1338","US",11835880,4410709,254228,11,2020
"1339","US",12034177,4457930,256185,11,2020
"1340","US",12213451,4529700,257804,11,2020
"1341","US",12360235,4526513,258837,11,2020
"1342","US",12534684,4633600,259937,11,2020
"1343","US",12710198,4696664,262066,11,2020
"1344","US",12893485,4835956,264329,11,2020
"1345","US",13005807,4871203,265714,11,2020
"1346","US",13213995,4947446,267263,11,2020
"1347","US",13369528,5023063,268623,11,2020
"1348","US",13509762,5065030,269659,11,2020
"1349","US",13670332,5146319,271005,11,2020
"1350","US",13858551,5226581,273549,12,2020
"1351","US",14061108,5322128,276362,12,2020
"1352","US",14284721,5404018,279316,12,2020
"1353","US",14517506,5470389,282015,12,2020
"1354","US",14733048,5576026,284369,12,2020
"1355","US",14914060,5624444,285715,12,2020
"1356","US",15108918,5714557,287320,12,2020
"1357","US",15333410,5786915,289941,12,2020
"1358","US",15555949,5889896,293123,12,2020
"1359","US",15787464,5985047,296118,12,2020
"1360","US",16027441,6135314,299535,12,2020
"1361","US",16245026,6246605,301994,12,2020
"1362","US",16432729,6298082,303621,12,2020
"1363","US",16627550,0,305271,12,2020
"1364","US",16836556,0,308389,12,2020
"1365","US",17083256,0,312053,12,2020
"1366","US",17322981,0,315554,12,2020
"1367","US",17574950,0,318521,12,2020
"1368","US",17766856,0,321174,12,2020
"1369","US",17954675,0,322889,12,2020
"1370","US",18153724,0,324808,12,2020
"1371","US",18351735,0,328207,12,2020
"1372","US",18581353,0,331628,12,2020
"1373","US",18775557,0,334536,12,2020
"1374","US",18873203,0,335963,12,2020
"1375","US",19099491,0,337848,12,2020
"1376","US",19255126,0,339275,12,2020
"1377","US",19429760,0,341279,12,2020
"1378","US",19630012,0,344911,12,2020
"1379","US",19863696,0,348643,12,2020
"1380","US",20099363,0,352123,12,2020
"1381","United Kingdom",0,0,0,1,2020
"1382","United Kingdom",0,0,0,1,2020
"1383","United Kingdom",0,0,0,1,2020
"1384","United Kingdom",0,0,0,1,2020
"1385","United Kingdom",0,0,0,1,2020
"1386","United Kingdom",0,0,0,1,2020
"1387","United Kingdom",0,0,0,1,2020
"1388","United Kingdom",0,0,0,1,2020
"1389","United Kingdom",0,0,0,1,2020
"1390","United Kingdom",2,0,0,1,2020
"1391","United Kingdom",2,0,0,2,2020
"1392","United Kingdom",2,0,0,2,2020
"1393","United Kingdom",8,0,0,2,2020
"1394","United Kingdom",8,0,0,2,2020
"1395","United Kingdom",9,0,0,2,2020
"1396","United Kingdom",9,0,0,2,2020
"1397","United Kingdom",9,0,0,2,2020
"1398","United Kingdom",13,0,0,2,2020
"1399","United Kingdom",14,0,0,2,2020
"1400","United Kingdom",14,0,0,2,2020
"1401","United Kingdom",15,0,0,2,2020
"1402","United Kingdom",16,1,0,2,2020
"1403","United Kingdom",17,1,0,2,2020
"1404","United Kingdom",18,1,0,2,2020
"1405","United Kingdom",18,1,0,2,2020
"1406","United Kingdom",18,8,0,2,2020
"1407","United Kingdom",19,8,0,2,2020
"1408","United Kingdom",19,8,0,2,2020
"1409","United Kingdom",20,8,0,2,2020
"1410","United Kingdom",22,8,0,2,2020
"1411","United Kingdom",23,8,0,2,2020
"1412","United Kingdom",23,8,0,2,2020
"1413","United Kingdom",28,8,0,2,2020
"1414","United Kingdom",30,8,0,2,2020
"1415","United Kingdom",34,8,0,2,2020
"1416","United Kingdom",37,8,0,2,2020
"1417","United Kingdom",44,8,0,2,2020
"1418","United Kingdom",56,8,0,2,2020
"1419","United Kingdom",61,8,0,2,2020
"1420","United Kingdom",94,8,0,3,2020
"1421","United Kingdom",134,8,0,3,2020
"1422","United Kingdom",189,8,0,3,2020
"1423","United Kingdom",246,8,0,3,2020
"1424","United Kingdom",295,8,0,3,2020
"1425","United Kingdom",374,8,1,3,2020
"1426","United Kingdom",429,18,2,3,2020
"1427","United Kingdom",483,18,2,3,2020
"1428","United Kingdom",630,18,3,3,2020
"1429","United Kingdom",889,19,7,3,2020
"1430","United Kingdom",1301,19,7,3,2020
"1431","United Kingdom",1790,19,9,3,2020
"1432","United Kingdom",2270,19,10,3,2020
"1433","United Kingdom",2634,19,29,3,2020
"1434","United Kingdom",3077,19,43,3,2020
"1435","United Kingdom",3692,21,66,3,2020
"1436","United Kingdom",4462,53,83,3,2020
"1437","United Kingdom",5468,68,118,3,2020
"1438","United Kingdom",6534,68,164,3,2020
"1439","United Kingdom",7792,68,196,3,2020
"1440","United Kingdom",9007,68,254,3,2020
"1441","United Kingdom",10395,67,289,3,2020
"1442","United Kingdom",12744,67,365,3,2020
"1443","United Kingdom",15126,140,513,3,2020
"1444","United Kingdom",17843,140,704,3,2020
"1445","United Kingdom",20970,150,886,3,2020
"1446","United Kingdom",24219,151,1174,3,2020
"1447","United Kingdom",27062,151,1466,3,2020
"1448","United Kingdom",29954,151,1679,3,2020
"1449","United Kingdom",34281,171,2053,3,2020
"1450","United Kingdom",38815,179,2457,3,2020
"1451","United Kingdom",43789,179,3130,4,2020
"1452","United Kingdom",48718,192,3787,4,2020
"1453","United Kingdom",53699,208,4524,4,2020
"1454","United Kingdom",57772,215,5281,4,2020
"1455","United Kingdom",61422,229,5882,4,2020
"1456","United Kingdom",66738,287,6452,4,2020
"1457","United Kingdom",72224,325,7557,4,2020
"1458","United Kingdom",77387,345,8589,4,2020
"1459","United Kingdom",82293,359,9706,4,2020
"1460","United Kingdom",86660,588,10829,4,2020
"1461","United Kingdom",90273,622,11673,4,2020
"1462","United Kingdom",93812,626,12330,4,2020
"1463","United Kingdom",98017,304,13055,4,2020
"1464","United Kingdom",102365,323,14135,4,2020
"1465","United Kingdom",107465,368,15019,4,2020
"1466","United Kingdom",112808,375,16059,4,2020
"1467","United Kingdom",117798,394,16973,4,2020
"1468","United Kingdom",122534,414,18081,4,2020
"1469","United Kingdom",126394,436,18514,4,2020
"1470","United Kingdom",131260,446,19090,4,2020
"1471","United Kingdom",136035,638,20314,4,2020
"1472","United Kingdom",141540,683,21171,4,2020
"1473","United Kingdom",146708,712,21855,4,2020
"1474","United Kingdom",151689,724,22873,4,2020
"1475","United Kingdom",155453,774,23689,4,2020
"1476","United Kingdom",158926,778,24053,4,2020
"1477","United Kingdom",163630,807,24376,4,2020
"1478","United Kingdom",168357,813,25347,4,2020
"1479","United Kingdom",173807,857,26118,4,2020
"1480","United Kingdom",178771,859,26754,4,2020
"1481","United Kingdom",183501,892,27454,5,2020
"1482","United Kingdom",186731,896,28039,5,2020
"1483","United Kingdom",189708,901,28292,5,2020
"1484","United Kingdom",193091,910,28565,5,2020
"1485","United Kingdom",196780,926,29290,5,2020
"1486","United Kingdom",200616,934,29937,5,2020
"1487","United Kingdom",204387,970,30395,5,2020
"1488","United Kingdom",207439,997,30975,5,2020
"1489","United Kingdom",209589,1001,31250,5,2020
"1490","United Kingdom",211911,1002,31467,5,2020
"1491","United Kingdom",215500,1015,31655,5,2020
"1492","United Kingdom",218895,1023,32270,5,2020
"1493","United Kingdom",222195,1032,32718,5,2020
"1494","United Kingdom",224813,1043,33071,5,2020
"1495","United Kingdom",227334,1047,33422,5,2020
"1496","United Kingdom",229406,1058,33833,5,2020
"1497","United Kingdom",231232,1058,33900,5,2020
"1498","United Kingdom",233809,1090,34046,5,2020
"1499","United Kingdom",236867,1099,34547,5,2020
"1500","United Kingdom",239579,1116,34876,5,2020
"1501","United Kingdom",242133,1134,35149,5,2020
"1502","United Kingdom",244174,1142,35440,5,2020
"1503","United Kingdom",245682,1149,35660,5,2020
"1504","United Kingdom",247037,1151,36039,5,2020
"1505","United Kingdom",248650,1161,36143,5,2020
"1506","United Kingdom",250309,1161,36274,5,2020
"1507","United Kingdom",252118,1166,36696,5,2020
"1508","United Kingdom",253854,1167,37039,5,2020
"1509","United Kingdom",255362,1172,37313,5,2020
"1510","United Kingdom",256469,1187,37467,5,2020
"1511","United Kingdom",257539,1190,37527,5,2020
"1512","United Kingdom",258983,1221,37613,6,2020
"1513","United Kingdom",260453,1224,37863,6,2020
"1514","United Kingdom",261802,1212,38117,6,2020
"1515","United Kingdom",263040,1219,38247,6,2020
"1516","United Kingdom",264150,1228,38505,6,2020
"1517","United Kingdom",264944,1230,38648,6,2020
"1518","United Kingdom",265662,1239,38702,6,2020
"1519","United Kingdom",266756,1255,38749,6,2020
"1520","United Kingdom",267915,1257,38946,6,2020
"1521","United Kingdom",269101,1269,39110,6,2020
"1522","United Kingdom",270108,1278,39186,6,2020
"1523","United Kingdom",271162,1282,39317,6,2020
"1524","United Kingdom",272050,1283,39424,6,2020
"1525","United Kingdom",272857,1283,39451,6,2020
"1526","United Kingdom",273888,1284,39480,6,2020
"1527","United Kingdom",274971,1293,39600,6,2020
"1528","United Kingdom",275970,1304,39710,6,2020
"1529","United Kingdom",276990,1313,39777,6,2020
"1530","United Kingdom",277974,1319,39861,6,2020
"1531","United Kingdom",278640,1319,39932,6,2020
"1532","United Kingdom",279264,1319,39963,6,2020
"1533","United Kingdom",280156,1322,39976,6,2020
"1534","United Kingdom",281038,1330,40070,6,2020
"1535","United Kingdom",281815,1345,40157,6,2020
"1536","United Kingdom",282512,1361,40256,6,2020
"1537","United Kingdom",283151,1363,40333,6,2020
"1538","United Kingdom",283785,1364,40373,6,2020
"1539","United Kingdom",284192,1364,40404,6,2020
"1540","United Kingdom",284812,1368,40425,6,2020
"1541","United Kingdom",285216,1370,40479,6,2020
"1542","United Kingdom",285279,1372,40576,7,2020
"1543","United Kingdom",285285,1373,40617,7,2020
"1544","United Kingdom",285787,1375,40666,7,2020
"1545","United Kingdom",286412,1375,40698,7,2020
"1546","United Kingdom",286931,1375,40717,7,2020
"1547","United Kingdom",287290,1375,40728,7,2020
"1548","United Kingdom",287874,1375,40782,7,2020
"1549","United Kingdom",288511,1378,40839,7,2020
"1550","United Kingdom",289154,1378,40870,7,2020
"1551","United Kingdom",289678,1378,40904,7,2020
"1552","United Kingdom",290504,1378,40921,7,2020
"1553","United Kingdom",291154,1378,40930,7,2020
"1554","United Kingdom",291691,1384,40940,7,2020
"1555","United Kingdom",292931,1385,40984,7,2020
"1556","United Kingdom",293469,1386,41010,7,2020
"1557","United Kingdom",294116,1403,41034,7,2020
"1558","United Kingdom",294803,1403,41060,7,2020
"1559","United Kingdom",295632,1413,41069,7,2020
"1560","United Kingdom",296358,1413,41080,7,2020
"1561","United Kingdom",296944,1413,41090,7,2020
"1562","United Kingdom",297389,1414,41115,7,2020
"1563","United Kingdom",297952,1416,41132,7,2020
"1564","United Kingdom",298731,1425,41141,7,2020
"1565","United Kingdom",299500,1425,41173,7,2020
"1566","United Kingdom",300270,1427,41188,7,2020
"1567","United Kingdom",301020,1434,41196,7,2020
"1568","United Kingdom",301708,1437,41199,7,2020
"1569","United Kingdom",302261,1438,41220,7,2020
"1570","United Kingdom",303063,1438,41254,7,2020
"1571","United Kingdom",303910,1438,41254,7,2020
"1572","United Kingdom",304793,1439,41274,7,2020
"1573","United Kingdom",305562,1441,41287,8,2020
"1574","United Kingdom",306309,1444,41292,8,2020
"1575","United Kingdom",307251,1445,41293,8,2020
"1576","United Kingdom",307926,1445,41311,8,2020
"1577","United Kingdom",308832,1446,41325,8,2020
"1578","United Kingdom",309796,1447,41343,8,2020
"1579","United Kingdom",310696,1447,41355,8,2020
"1580","United Kingdom",311461,1449,41358,8,2020
"1581","United Kingdom",312574,1451,41363,8,2020
"1582","United Kingdom",313392,1463,41381,8,2020
"1583","United Kingdom",314542,1464,41394,8,2020
"1584","United Kingdom",315581,1472,41414,8,2020
"1585","United Kingdom",316729,1479,41432,8,2020
"1586","United Kingdom",318190,1481,41443,8,2020
"1587","United Kingdom",319232,1486,41446,8,2020
"1588","United Kingdom",320343,1486,41451,8,2020
"1589","United Kingdom",321064,1490,41454,8,2020
"1590","United Kingdom",322177,1493,41466,8,2020
"1591","United Kingdom",323008,1495,41483,8,2020
"1592","United Kingdom",324203,1544,41489,8,2020
"1593","United Kingdom",325263,1544,41491,8,2020
"1594","United Kingdom",326595,1547,41509,8,2020
"1595","United Kingdom",327643,1547,41515,8,2020
"1596","United Kingdom",328620,1550,41519,8,2020
"1597","United Kingdom",329821,1551,41535,8,2020
"1598","United Kingdom",330967,1551,41552,8,2020
"1599","United Kingdom",332509,1564,41564,8,2020
"1600","United Kingdom",333806,1615,41573,8,2020
"1601","United Kingdom",334916,1622,41585,8,2020
"1602","United Kingdom",336668,1624,41586,8,2020
"1603","United Kingdom",338083,1682,41589,8,2020
"1604","United Kingdom",339415,1709,41592,9,2020
"1605","United Kingdom",340929,1742,41602,9,2020
"1606","United Kingdom",342708,1750,41616,9,2020
"1607","United Kingdom",344686,1756,41626,9,2020
"1608","United Kingdom",346513,1806,41638,9,2020
"1609","United Kingdom",349500,1824,41640,9,2020
"1610","United Kingdom",352453,1824,41643,9,2020
"1611","United Kingdom",354934,1827,41675,9,2020
"1612","United Kingdom",357615,1833,41683,9,2020
"1613","United Kingdom",360546,1847,41697,9,2020
"1614","United Kingdom",364090,1850,41703,9,2020
"1615","United Kingdom",367594,1882,41712,9,2020
"1616","United Kingdom",370932,2148,41717,9,2020
"1617","United Kingdom",373557,2154,41726,9,2020
"1618","United Kingdom",376672,2186,41753,9,2020
"1619","United Kingdom",380679,2192,41773,9,2020
"1620","United Kingdom",384089,2203,41794,9,2020
"1621","United Kingdom",388418,2215,41821,9,2020
"1622","United Kingdom",392847,2229,41848,9,2020
"1623","United Kingdom",396746,2230,41866,9,2020
"1624","United Kingdom",401124,2230,41877,9,2020
"1625","United Kingdom",406060,2240,41914,9,2020
"1626","United Kingdom",412247,2249,41951,9,2020
"1627","United Kingdom",418891,2284,41991,9,2020
"1628","United Kingdom",425769,2305,42025,9,2020
"1629","United Kingdom",431819,2335,42060,9,2020
"1630","United Kingdom",437519,2341,42077,9,2020
"1631","United Kingdom",441575,2354,42090,9,2020
"1632","United Kingdom",448731,2370,42162,9,2020
"1633","United Kingdom",455848,2375,42233,9,2020
"1634","United Kingdom",462777,2385,42292,10,2020
"1635","United Kingdom",469771,2391,42358,10,2020
"1636","United Kingdom",482656,2398,42407,10,2020
"1637","United Kingdom",505621,2405,42440,10,2020
"1638","United Kingdom",518224,2411,42459,10,2020
"1639","United Kingdom",532781,2419,42535,10,2020
"1640","United Kingdom",546954,2427,42605,10,2020
"1641","United Kingdom",564504,2476,42682,10,2020
"1642","United Kingdom",578392,2490,42769,10,2020
"1643","United Kingdom",593567,2497,42850,10,2020
"1644","United Kingdom",606449,2505,42915,10,2020
"1645","United Kingdom",620460,2513,42965,10,2020
"1646","United Kingdom",637710,2537,43108,10,2020
"1647","United Kingdom",657461,2553,43245,10,2020
"1648","United Kingdom",676457,2563,43383,10,2020
"1649","United Kingdom",692114,2567,43519,10,2020
"1650","United Kingdom",708300,2574,43669,10,2020
"1651","United Kingdom",725294,2591,43736,10,2020
"1652","United Kingdom",744124,2615,43816,10,2020
"1653","United Kingdom",765489,2628,44057,10,2020
"1654","United Kingdom",792196,2638,44248,10,2020
"1655","United Kingdom",813453,2654,44437,10,2020
"1656","United Kingdom",834012,2659,44661,10,2020
"1657","United Kingdom",857045,2678,44835,10,2020
"1658","United Kingdom",876842,2687,44986,10,2020
"1659","United Kingdom",897742,2704,45088,10,2020
"1660","United Kingdom",920666,2721,45455,10,2020
"1661","United Kingdom",945380,2775,45765,10,2020
"1662","United Kingdom",968458,2801,46045,10,2020
"1663","United Kingdom",992876,2813,46319,10,2020
"1664","United Kingdom",1014795,2841,46645,10,2020
"1665","United Kingdom",1038056,2843,46807,11,2020
"1666","United Kingdom",1057023,2852,46943,11,2020
"1667","United Kingdom",1077101,2908,47340,11,2020
"1668","United Kingdom",1102307,2927,47832,11,2020
"1669","United Kingdom",1126471,2933,48210,11,2020
"1670","United Kingdom",1149793,2953,48565,11,2020
"1671","United Kingdom",1174772,2967,48978,11,2020
"1672","United Kingdom",1195352,2985,49134,11,2020
"1673","United Kingdom",1216749,3000,49329,11,2020
"1674","United Kingdom",1237200,3010,49861,11,2020
"1675","United Kingdom",1260200,3020,50457,11,2020
"1676","United Kingdom",1293717,3033,51020,11,2020
"1677","United Kingdom",1321033,3091,51396,11,2020
"1678","United Kingdom",1347909,3110,51858,11,2020
"1679","United Kingdom",1372886,3123,52026,11,2020
"1680","United Kingdom",1394302,3137,52240,11,2020
"1681","United Kingdom",1414362,3150,52839,11,2020
"1682","United Kingdom",1434007,3209,53368,11,2020
"1683","United Kingdom",1456943,3245,53870,11,2020
"1684","United Kingdom",1477217,3263,54381,11,2020
"1685","United Kingdom",1497138,3313,54721,11,2020
"1686","United Kingdom",1515805,3325,55120,11,2020
"1687","United Kingdom",1531270,3336,55327,11,2020
"1688","United Kingdom",1542614,3408,55935,11,2020
"1689","United Kingdom",1560875,3448,56630,11,2020
"1690","United Kingdom",1578432,3457,57128,11,2020
"1691","United Kingdom",1593253,3465,57648,11,2020
"1692","United Kingdom",1609144,3503,58127,11,2020
"1693","United Kingdom",1621308,3517,58342,11,2020
"1694","United Kingdom",1633736,3573,58545,11,2020
"1695","United Kingdom",1647233,3592,59148,12,2020
"1696","United Kingdom",1663470,3605,59796,12,2020
"1697","United Kingdom",1678421,3626,60210,12,2020
"1698","United Kingdom",1694803,3640,60714,12,2020
"1699","United Kingdom",1710382,3653,61111,12,2020
"1700","United Kingdom",1727754,3739,61342,12,2020
"1701","United Kingdom",1742528,3750,61531,12,2020
"1702","United Kingdom",1754914,3768,62130,12,2020
"1703","United Kingdom",1771548,3781,62663,12,2020
"1704","United Kingdom",1792614,3790,63179,12,2020
"1705","United Kingdom",1814398,3802,63603,12,2020
"1706","United Kingdom",1835952,3808,64123,12,2020
"1707","United Kingdom",1854493,4016,64267,12,2020
"1708","United Kingdom",1874870,4051,64500,12,2020
"1709","United Kingdom",1893439,4096,65006,12,2020
"1710","United Kingdom",1918739,4109,65618,12,2020
"1711","United Kingdom",1954271,4126,66150,12,2020
"1712","United Kingdom",1982831,4267,66640,12,2020
"1713","United Kingdom",2010080,4357,67177,12,2020
"1714","United Kingdom",2046164,4378,67503,12,2020
"1715","United Kingdom",2079681,4389,67718,12,2020
"1716","United Kingdom",2116612,4412,68409,12,2020
"1717","United Kingdom",2155999,4726,69157,12,2020
"1718","United Kingdom",2195148,4824,69732,12,2020
"1719","United Kingdom",2227951,4825,70302,12,2020
"1720","United Kingdom",2262739,4913,70513,12,2020
"1721","United Kingdom",2295232,5096,70860,12,2020
"1722","United Kingdom",2336692,5105,71217,12,2020
"1723","United Kingdom",2389967,5297,71675,12,2020
"1724","United Kingdom",2440206,5417,72657,12,2020
"1725","United Kingdom",2496235,5482,73622,12,2020
